{"loss": [1.1020420789718628, 1.0081720352172852, 0.9361715912818909, 0.8841193914413452, 0.8460991382598877, 0.8175444006919861, 0.7794582843780518, 0.7500545978546143, 0.7187240719795227, 0.7011709213256836, 0.6726270318031311, 0.6398133635520935, 0.6256846785545349, 0.6065726280212402, 0.586266815662384, 0.5669987201690674, 0.5451160669326782, 0.5300766229629517, 0.5113928318023682, 0.4750545918941498, 0.47545135021209717, 0.4662787616252899, 0.45069530606269836, 0.4289284944534302, 0.4128378629684448, 0.40134397149086, 0.3890060782432556, 0.3679681122303009, 0.37175795435905457, 0.3568606674671173, 0.3470105230808258, 0.3341285288333893], "accuracy": [0.3747044801712036, 0.5165484547615051, 0.6111111044883728, 0.6796690225601196, 0.686761200428009, 0.6962174773216248, 0.7186761498451233, 0.7245863080024719, 0.7352246046066284, 0.7505910396575928, 0.7529550790786743, 0.7529550790786743, 0.758865237236023, 0.7730496525764465, 0.7754136919975281, 0.7872340679168701, 0.8002364039421082, 0.817966878414154, 0.8037825226783752, 0.8333333134651184, 0.8297872543334961, 0.8226950168609619, 0.8427895903587341, 0.8522458672523499, 0.8569740056991577, 0.8581560254096985, 0.8593380451202393, 0.8723404407501221, 0.8735224604606628, 0.8747044801712036, 0.8888888955116272, 0.8912529349327087], "val_loss": [0.9912838339805603, 0.8980212211608887, 0.8329540491104126, 0.7823030352592468, 0.7408666014671326, 0.7060542702674866, 0.6773876547813416, 0.6505177617073059, 0.6285701394081116, 0.6046826243400574, 0.5872317552566528, 0.5719269514083862, 0.5517785549163818, 0.5377991199493408, 0.5155177712440491, 0.4983976185321808, 0.48122259974479675, 0.4680688977241516, 0.4517224431037903, 0.4370742738246918, 0.4239582121372223, 0.4098588526248932, 0.39224615693092346, 0.3801485300064087, 0.37155893445014954, 0.36097991466522217, 0.3501270115375519, 0.3370828330516815, 0.3278665840625763, 0.31217390298843384, 0.299626886844635, 0.29482099413871765], "val_accuracy": [0.6926714181900024, 0.7565011978149414, 0.7600472569465637, 0.7553191781044006, 0.7470449209213257, 0.7423167824745178, 0.7434988021850586, 0.7387706637382507, 0.7352246046066284, 0.73758864402771, 0.7340425252914429, 0.7387706637382507, 0.7446808218955994, 0.7482269406318665, 0.7612293362617493, 0.7683215141296387, 0.7765957713127136, 0.7872340679168701, 0.7966902852058411, 0.8037825226783752, 0.8085106611251831, 0.8203309774398804, 0.8238770961761475, 0.8297872543334961, 0.8309692740440369, 0.8416075706481934, 0.8510638475418091, 0.8593380451202393, 0.8664302825927734, 0.8770685791969299, 0.8794326186180115, 0.8794326186180115]}