{"loss": [1.871769905090332, 1.7370169162750244, 1.6454309225082397, 1.5810686349868774, 1.5322288274765015, 1.490841269493103, 1.460769772529602, 1.4278385639190674, 1.4004251956939697, 1.3724761009216309, 1.340415358543396, 1.3077627420425415, 1.2840640544891357, 1.2420921325683594, 1.2003453969955444, 1.1699879169464111, 1.1150505542755127, 1.0657718181610107, 1.011401891708374, 0.9468310475349426], "accuracy": [0.37832921743392944, 0.39841362833976746, 0.4195895791053772, 0.43588995933532715, 0.45269975066185, 0.4685635268688202, 0.4732207953929901, 0.48857516050338745, 0.49439674615859985, 0.502692461013794, 0.5133895874023438, 0.528598427772522, 0.5332556962966919, 0.5514481067657471, 0.5631639957427979, 0.5764080882072449, 0.5965652465820312, 0.6165041327476501, 0.6337505578994751, 0.6578372716903687], "val_loss": [1.8254714012145996, 1.700209617614746, 1.6252830028533936, 1.5488083362579346, 1.5184195041656494, 1.50775945186615, 1.4979909658432007, 1.4676376581192017, 1.4273271560668945, 1.450399398803711, 1.4137476682662964, 1.3981783390045166, 1.4008220434188843, 1.4284459352493286, 1.4489363431930542, 1.430120587348938, 1.4968171119689941, 1.450922966003418, 1.518466830253601, 1.5462501049041748], "val_accuracy": [0.36366721987724304, 0.4001697897911072, 0.4106960892677307, 0.43853989243507385, 0.4587436318397522, 0.46162986755371094, 0.44804754853248596, 0.4767402410507202, 0.48624786734580994, 0.4818336069583893, 0.49694398045539856, 0.5028862357139587, 0.5042445063591003, 0.4904923737049103, 0.4733446538448334, 0.5, 0.49643462896347046, 0.5103565454483032, 0.48896434903144836, 0.48132428526878357]}